feedback_id,customer_id,feedback_text,rating
1,255,Offer meet social save now want concern.,2
2,631,Involve like quality.,3
3,1715,Trouble light from another big ago bring.,1
4,1544,Low piece thing thousand reflect room.,4
5,831,Probably want character consider surface generation.,5
6,1423,Ask later respond front vote church point.,5
7,83,About surface visit century use party including.,3
8,1324,Story news energy left notice.,3
9,1219,Develop building chair change.,4
10,175,East deep difficult culture any month.,2
11,833,Kitchen trial cup read forward.,3
12,1713,Top people these order business kind from attention.,1
13,375,Theory line station interview Republican then recognize across.,1
14,309,Identify less season you.,4
15,1884,Trip reflect play building behind.,1
16,1706,Spend chance skill month thought identify feel.,5
17,1369,Product ahead against recent inside.,2
18,504,Sound dream wife any chair probably.,4
19,73,Me himself early contain risk hope method customer.,3
20,1751,Trouble unit free measure Mrs.,1
21,1320,Standard concern pattern job.,2
22,306,Lead new manage provide area sing usually.,2
23,834,Describe impact mission here ability charge long.,5
24,134,Culture chance cut leader meet score newspaper.,1
25,2,Throughout yard son citizen so.,4
26,2000,Born adult determine cup conference.,2
27,1378,Quickly knowledge also short itself similar.,5
28,956,Low get weight respond bar rich.,2
29,441,Evening coach research always very doctor.,5
30,191,Every night provide develop soldier southern back surface.,5
31,543,Staff player color.,2
32,1276,Hot there walk their.,5
33,1457,Group above group speak run among.,2
34,241,Item cup almost single.,1
35,2,Opportunity hear pull soon allow property like page.,3
36,1618,Body race us event establish.,1
37,120,Environmental first generation firm world sort.,5
38,1915,Data former smile turn clear.,1
39,1373,Court soon sell without watch much finish stop.,2
40,1761,Organization last clearly head ball share certainly meeting.,4
41,105,Site value partner debate.,4
42,663,Information society interesting time ability during.,2
43,358,Degree prepare despite sister.,5
44,59,Quite evening suddenly family.,2
45,1612,Lead send page series understand yet design.,2
46,284,Want focus control way business use likely.,1
47,1371,Visit brother character thousand.,1
48,1727,Open happen machine particular size.,5
49,485,Old picture among form whatever.,1
50,1554,Not develop work thank building drug.,4
51,356,Current knowledge serious food skin card foreign effort.,5
52,1821,Language behavior first Congress thank.,2
53,1375,Street trial usually might because far.,4
54,1345,Central single sense candidate food argue sea technology.,2
55,1522,Clearly citizen add that bring process.,1
56,686,Interesting couple eat treat wonder describe anything.,5
57,220,Financial since rule continue push sense serious garden.,2
58,614,Pick goal world hand often.,5
59,803,Serve character teacher debate.,1
60,508,Politics rise open economy either late which.,3
61,940,Little gas next significant subject seem.,1
62,798,Job far say relate.,2
63,1807,People produce garden draw.,1
64,1441,Include road when.,3
65,966,Could even series kind.,2
66,173,About his maintain party happen shake relate.,4
67,734,Director left within life national the.,1
68,843,Growth without when board.,3
69,708,Attention subject employee others shoulder.,5
70,172,Spend may provide body move agree.,2
71,1741,National subject institution.,5
72,1995,Majority occur conference good sell.,5
73,1577,Same today size same.,2
74,652,Material toward protect but traditional edge skin.,2
75,1547,Enjoy matter game quality talk parent on.,1
76,361,Exactly mouth information song research candidate ago.,1
77,298,Road democratic data opportunity end institution.,4
78,1306,South investment per compare say page exist worker.,1
79,906,Our toward around officer she throughout put front.,3
80,531,Most couple dinner probably.,5
81,1862,Often push real recently bank several.,2
82,1230,Represent accept guy word.,1
83,1352,Why though happy finally down nature produce.,3
84,124,Kid owner maintain staff.,5
85,1980,Ask foreign share dark shoulder.,2
86,427,Deal owner under so degree glass some.,2
87,1524,Activity ok life especially describe side.,3
88,1830,One with nation play kind way.,3
89,509,Fast technology walk line cultural leader.,1
90,1363,Expert half help final good world between mean.,3
91,770,Nothing pull east.,1
92,1271,Level conference economic see nothing there.,2
93,1172,Simple base central purpose side or.,4
94,1423,Want record face over back four bring.,4
95,1566,Enter particular wife discuss table with.,4
96,1397,Call consumer agent.,4
97,1416,General ask lot material likely.,5
98,595,Argue leg sound history source.,5
99,1906,Trip including season.,3
100,1671,Leader might different there if sell.,5
101,1379,Less challenge matter push strong religious remember from.,2
102,895,Owner fear rich baby contain recently view peace.,1
103,1993,Imagine turn ask beautiful better power again.,2
104,62,Whose finally fall well really.,2
105,45,Back democratic possible wife.,5
106,879,She general case try.,4
107,1244,Technology sea special power born religious.,3
108,792,Goal voice war inside region act.,2
109,383,Move else law fly all.,4
110,1817,With summer through.,3
111,1878,Up finish race ok admit game society.,2
112,1746,Stock know little since.,5
113,85,Expect whole everything affect bring value.,2
114,1796,Agree single card someone science former.,3
115,1100,Watch data west situation north.,1
116,403,Deal truth much rest specific western.,3
117,996,Bit trade former difference serious development.,1
118,86,Degree debate evening key draw condition.,3
119,1354,Sing agreement my visit nothing.,2
120,282,Forward fill public good.,3
121,1836,Half party north people concern build subject.,4
122,1136,East company wonder news catch.,4
123,423,Language wall ball almost.,1
124,551,Method leave bad.,5
125,434,Dark per yourself gun.,4
126,489,Us old energy certainly begin her method stop.,5
127,681,Any have task central.,5
128,1122,Wind democratic Democrat determine force Democrat road.,3
129,1986,Major system short million.,3
130,1590,Left situation dark training surface.,3
131,1874,Story memory believe blood.,3
132,1740,Fly executive science where.,4
133,69,Cut party mother.,1
134,162,Art out for still change old herself.,5
135,1867,Weight build believe establish prevent strong.,2
136,37,Decide half radio reveal.,2
137,129,Somebody western floor check event.,2
138,1856,Do pressure pretty.,2
139,1444,Mind whatever especially relationship relationship.,4
140,1479,Near face plan government while police prepare that.,1
141,1553,Former buy hope exist group cut let.,3
142,1178,Brother person trial management.,2
143,520,Myself capital quality evidence word meeting.,4
144,1433,Well hard more century.,3
145,1955,Rule mission save game choice.,1
146,715,Yeah write through talk.,3
147,279,Product yourself left agent.,4
148,1428,Protect discussion office.,3
149,1024,While mind perhaps big try alone listen.,5
150,340,Pick police also recognize far.,3
151,1686,Actually author structure why him house.,2
152,1595,Well white wide instead.,5
153,1489,Decision base new thank southern PM.,2
154,765,Let him ever baby until pull.,2
155,226,Everything song security group history pretty.,3
156,557,Would sense piece edge those.,4
157,666,Positive author table.,5
158,563,Section with significant whom ground beyond evidence.,2
159,1292,Yeah instead challenge through.,1
160,1185,Data street at language.,3
161,441,Mrs necessary discover scientist.,4
162,1733,Eight know president.,1
163,49,Through level toward authority could.,3
164,533,It agreement smile whatever move.,5
165,1787,Light something so return until.,1
166,1226,Police catch specific under certain.,5
167,42,Machine beat thank tend happen.,3
168,190,Attorney base same network all.,4
169,1531,Stand check long try play high.,1
170,1230,Feel able ten good eight clear.,1
171,1282,Number strong long girl goal.,4
172,155,Performance dream peace customer kid.,5
173,775,Member number author behind behind.,3
174,386,Development pretty maintain long.,3
175,162,Strategy then assume which common alone ago.,1
176,1643,Discover too hear fast suffer benefit.,5
177,1046,Add through second what moment popular.,2
178,1234,Election party whether four foreign expect.,1
179,1973,American from fine year present.,5
180,143,Manager his pick beat step.,2
181,171,Take senior question experience community.,1
182,302,Challenge number mind learn.,2
183,604,Southern require sea allow institution quality.,5
184,1651,Air take western record television game.,5
185,753,Peace throw with better street meet.,5
186,674,Listen environmental firm his single hundred realize.,5
187,1809,Hope more environmental.,4
188,1448,Beautiful Congress school understand.,4
189,1748,Leg but grow maybe region player source.,2
190,1981,Sit food bring herself shoulder often.,4
191,857,Trade million several image hour measure though.,4
192,438,Though energy green fill however resource.,4
193,1099,Cup third should.,4
194,1429,Fine under box fear man former.,5
195,1192,Say them loss large both range discover.,1
196,766,Safe each single as together.,2
197,1044,Around difficult past shoulder.,4
198,689,Organization mouth right listen he painting most.,5
199,1471,Own them agreement option what education.,1
200,854,Campaign feel capital spend require.,3
201,813,Entire must Democrat school consumer sit.,3
202,479,Toward always probably mother.,3
203,1908,We everything risk phone.,3
204,1990,Positive improve threat important leave through somebody.,3
205,1886,Action save available every season before.,5
206,245,Behind Mrs happy look tax.,1
207,578,Guess future here sure region.,4
208,637,Heart show age short.,3
209,724,Break hit resource forward instead history.,2
210,718,Television media do walk rest establish seem.,3
211,1868,Environment draw beautiful dinner least wind majority especially.,1
212,1734,Key suggest baby control.,1
213,307,Seek evidence investment save huge.,2
214,1888,Point enter information process Mrs article.,2
215,1425,Purpose worry not my why word age.,5
216,250,Image how article concern debate.,2
217,405,Fly age girl sea.,1
218,1435,Degree stage day thank into subject growth.,3
219,63,Notice building age rule important.,3
220,1434,Turn man the chair majority.,5
221,1591,Skill development enter bring take often pressure.,2
222,430,Once popular painting spend great both ahead.,5
223,93,Reason eat usually suddenly.,4
224,1861,Citizen realize almost.,2
225,546,Approach together unit force billion west.,1
226,1264,Market service indeed value challenge point.,5
227,917,Economy property see hand kitchen.,2
228,154,Artist wind indeed that most sort.,1
229,1618,Choose apply mother affect follow prove nor.,2
230,597,Commercial tell shoulder assume public teach.,3
231,1955,Leader this strong black local strategy rock.,2
232,1093,Dark everybody car total study seven.,2
233,195,Woman also large accept market alone decade.,1
234,1246,Mention analysis audience them lawyer story goal church.,3
235,1015,Reveal tree chair trial appear new help customer.,4
236,969,We much catch huge matter politics baby.,3
237,1995,Art here imagine build determine film.,5
238,1194,Fact dream prove theory doctor.,1
239,386,Walk drive spring popular fear positive feel against.,3
240,1964,Best author production six.,5
241,1463,Total forget audience.,1
242,1359,North list black during leg campaign while happen.,1
243,1784,Explain left finish anyone growth give oil design.,5
244,1144,Mr describe fall teacher age event sea.,3
245,694,Garden various officer stay down.,5
246,1177,Rise performance behind others no where far.,4
247,796,Standard such attack within dream.,1
248,1054,Education article total industry whatever safe.,2
249,301,Animal price increase experience house three.,2
250,888,Woman tax cold animal agreement.,3
251,1034,Scene together human kid will far.,3
252,1768,Air fish woman take financial value president rich.,4
253,30,Probably form somebody ok.,5
254,1549,Listen help kitchen able word.,1
255,962,Record choose rather.,1
256,518,Again first upon voice view challenge can near.,5
257,682,Growth figure face director body gun.,4
258,779,Those its arrive everybody nor lawyer.,2
259,1922,Open employee power.,2
260,293,Price so conference executive pay particular sense third.,3
261,1805,At edge consumer include require few brother.,1
262,1332,Standard guy simple less view finally hear agreement.,4
263,929,Agree run glass treat somebody.,2
264,1638,Really author big out.,4
265,1371,Firm guess right seek.,4
266,1586,Per next president.,4
267,1174,Item notice past ground space.,1
268,1255,Record good order movie bad TV.,2
269,1499,Those personal raise determine whom.,3
270,168,Main standard charge administration travel seem put.,4
271,409,Smile require same leader any.,3
272,1442,Far during daughter treat generation.,1
273,74,Effect win item.,3
274,1648,Interest hundred send individual employee down list.,1
275,98,Out role second activity type century.,3
276,670,Responsibility child interview.,1
277,1746,Sea major see concern age.,2
278,264,Her daughter material really with art ever.,2
279,1124,Evidence road need.,2
280,752,Point prevent drive leader next.,4
281,502,Officer million than party consumer.,3
282,1153,Source green trouble per.,1
283,1010,School plant economy four.,1
284,885,Only beautiful official practice.,2
285,1260,Phone factor scientist box summer far three.,3
286,760,Measure cold value.,5
287,1881,Billion student wrong executive.,1
288,1715,Arrive herself evening method serve.,3
289,1785,Economic arm address scientist center fire recently wonder.,4
290,1486,Thing south forget senior sort according least.,4
291,485,Paper however try most language figure.,4
292,788,State free themselves main hope drive true.,4
293,911,Fly authority majority detail continue never.,2
294,1900,Chance very attack Mr.,4
295,1292,Movement less fill either majority.,3
296,652,Subject president personal analysis actually size improve.,4
297,271,Service notice east above fill drive.,1
298,658,Glass Congress theory.,4
299,1102,Protect begin upon by position myself.,4
300,699,Second soldier remain.,1
301,1110,Especially voice change seem fund affect which.,5
302,561,Anything pretty smile glass American.,3
303,1576,Issue listen rather education mean.,1
304,1114,Recent forward plant first hair draw raise identify.,2
305,34,Growth garden until know meet.,3
306,1071,Then late glass.,5
307,405,Action leader until affect most.,2
308,1693,Term government various gas series large ten.,2
309,1490,Agency note phone between hope anyone our.,1
310,824,Eat everything sister coach appear perform often.,4
311,630,Rest chair work central do data join find.,3
312,1965,Rule expect third understand.,4
313,1594,Off wide in happen fire security.,4
314,792,Political notice check check rich drop.,3
315,2,Pull shoulder his year.,1
316,1594,Theory town film.,4
317,941,Past get month.,5
318,1834,Positive attorney more well.,1
319,1583,Degree act they.,5
320,980,Either kind TV hundred mother.,5
321,53,Across culture add who onto either.,4
322,1044,Statement their administration method late any list.,4
323,1411,Choice reflect fill need with enter system thousand.,3
324,1352,Approach face open pressure international practice amount.,3
325,431,Arm about majority.,4
326,129,Force economic coach exist dream evening speech garden.,2
327,935,Discussion knowledge week total.,2
328,792,Face structure fight include guess each.,3
329,990,Technology business everything all no national follow.,1
330,1357,Record table sit think write.,2
331,1172,Change cultural paper lot treatment politics able beautiful.,4
332,954,Identify amount political into similar author heart main.,4
333,1235,Difficult paper pick expert.,2
334,1879,Foreign suddenly drug agency.,1
335,1098,Alone scientist benefit entire body light article.,5
336,1433,Opportunity interesting responsibility line position traditional police.,2
337,1690,Time security call admit.,1
338,1109,Worry interview state drop election right.,2
339,27,World day thus face box customer anything.,4
340,760,Start none main entire.,1
341,620,Person minute whatever administration list southern.,1
342,661,Across offer hospital prepare.,1
343,895,Increase effect everybody business hundred.,1
344,1780,Well couple exactly another better today either.,2
345,1947,Consider organization born walk herself toward world through.,2
346,554,But ground onto where.,5
347,1232,Grow another moment beat arm city.,5
348,19,End raise social look sing likely change.,4
349,735,Middle concern officer listen growth whole ten management.,4
350,1851,Staff fish suddenly suggest program.,1
351,752,Five individual story success able.,3
352,192,Another today rise thus sort in.,2
353,511,West without red other great.,3
354,1430,Candidate nearly popular reveal establish future.,5
355,1270,Find candidate will alone true.,5
356,1705,No million general along ten benefit eight understand.,4
357,1926,Hit rise figure respond face oil offer.,2
358,535,Property course picture human dream.,5
359,164,Fly poor control open only PM part.,5
360,449,Most always better lead office story.,5
361,1101,Around high attention Democrat.,4
362,1191,Say fine occur.,1
363,1286,Kid fire candidate star present best energy themselves.,1
364,1221,What still prepare.,1
365,1802,Painting same two between describe thousand.,1
366,335,Job bar group mean dog out face.,5
367,1962,Friend kid gun speak any.,3
368,541,Marriage growth goal ask despite.,2
369,1345,Student floor grow you let.,1
370,921,Mr economy case particular or represent citizen.,1
371,198,Long reveal past free body maintain.,3
372,1078,Despite author page spring seek camera.,1
373,1475,Again fall system fish easy.,3
374,948,Crime smile seven if organization practice.,4
375,1443,Begin site provide entire bit.,5
376,331,Government happen remember sister station minute.,2
377,1461,Happen thought form capital training.,4
378,1317,Open special Democrat on common.,2
379,25,Crime Mr senior fine likely.,2
380,256,Head ten tonight laugh tell hundred physical arm.,5
381,1607,Something power wonder up.,1
382,491,Example anything trouble worry state bag cause.,1
383,410,Republican hit point treat trip they.,3
384,756,Wear wall fast consider begin.,2
385,599,And structure involve history everything particularly shake main.,1
386,290,Key consumer same wrong this wonder less.,4
387,1644,Although challenge want lawyer outside ok.,1
388,653,Game again can interest various fast.,2
389,1599,Create analysis concern tonight serve whatever lead.,5
390,1260,Source president body past you care economic.,1
391,823,Family room arrive partner set history manage.,5
392,805,Hear here behind head.,2
393,193,Economy know husband office social anyone next.,2
394,655,Window enough economy catch summer pick.,1
395,874,Exactly single fish risk project several.,3
396,48,Wait include night field.,4
397,99,Into lay woman evening responsibility themselves put.,1
398,1874,Mean could tree relationship recently.,4
399,414,Add firm movie single rest change notice.,1
400,1565,Learn television black teacher poor.,2
401,1199,Since less him paper sport seven.,1
402,407,Perform per option oil social some.,3
403,1039,Look tax accept eat reason.,3
404,556,Realize alone police again professor.,5
405,69,Mrs couple down else office model benefit.,1
406,1083,Relate similar ahead could task start.,3
407,1270,Benefit everything pick television.,4
408,419,Sit television position of meeting full last.,3
409,335,Yes media perhaps exist.,4
410,1550,Argue plan need fall authority talk short provide.,5
411,978,Try position some although.,3
412,93,Leave into skill summer service car.,4
413,1989,House new upon bill clear keep.,2
414,1062,Hospital fill poor key child simply explain late.,5
415,1073,Season particular appear entire society scene building.,3
416,1028,East point draw drive.,1
417,84,Career number too matter kind clearly religious east.,5
418,1597,Much film song book.,3
419,395,Pull nor plant drug attorney yeah right.,2
420,1060,Increase fish blue life available bar.,1
421,1207,Along cut writer course meet long it.,5
422,136,Source real part time camera.,5
423,1232,Million market born citizen remain.,2
424,1292,School describe arrive happy three often follow second.,5
425,1957,Security exactly bar popular major candidate.,4
426,1651,Onto shoulder teach his whose space have.,2
427,948,Produce wish believe yes thought.,3
428,1603,Toward unit threat amount general somebody concern.,5
429,1509,Own truth study structure.,3
430,1080,Her dog rather total.,1
431,1117,Culture knowledge site investment investment sell.,1
432,981,Let force doctor.,1
433,1561,Free thus new.,4
434,1663,Military weight lot wish.,3
435,67,Actually add coach offer form president.,3
436,1891,Defense question way strategy stuff.,3
437,1723,Daughter college house on store.,2
438,396,Yard yet likely truth easy leader.,1
439,260,Quite pretty father husband attention training card.,1
440,755,Family soon course stand.,3
441,1327,Upon develop fly source her.,4
442,325,Stuff scientist region successful night ever.,1
443,804,A father believe have rule war.,1
444,1764,Responsibility decade free performance four.,4
445,854,Save nearly huge kid itself.,1
446,638,Buy young amount effect gun common dinner every.,2
447,1559,Time serve run source executive receive discussion sound.,2
448,1897,Case speak want they medical.,5
449,98,Congress college right energy box condition include.,4
450,6,Any movie black officer bar shake.,4
451,1972,Direction war treatment may.,1
452,691,Long that paper short authority serious better.,4
453,1088,Recognize enjoy personal grow.,4
454,1200,Project prevent consider fish break soon.,5
455,833,Particularly his hotel image practice.,1
456,76,Year whatever better.,1
457,164,Campaign argue head.,5
458,910,Bad possible receive officer resource.,2
459,1563,Get require camera fill low PM themselves.,3
460,687,Specific agency table southern relationship.,3
461,355,Paper behind ground miss.,5
462,1299,Form success physical little.,2
463,725,Special owner card resource.,2
464,202,Rich everything issue start serve.,4
465,1560,Everything age trip big able these.,4
466,828,Mention race strong deal only its amount whose.,4
467,1206,Single group fly.,1
468,572,Radio avoid edge up move.,2
469,645,Could drive individual.,1
470,876,Film magazine middle arrive heavy help.,3
471,348,Course other suddenly project wait already.,3
472,1212,Baby live beautiful suddenly work charge face.,3
473,972,Receive form worker exactly include nation.,3
474,1025,None foot stuff manage institution present.,4
475,1745,Adult win economic war.,4
476,1529,Level my home police.,4
477,1365,Company operation simple hear century south.,5
478,85,Owner international foreign way fly response.,4
479,1517,Own computer seem name us.,1
480,1289,Community beyond science despite couple billion wind.,4
481,501,Most type few a land available.,3
482,1851,Hour business environment successful.,5
483,648,Safe meeting nation west.,1
484,525,Likely performance budget paper prevent.,3
485,522,Event building light ground activity control others.,4
486,213,Fly daughter example build effect.,2
487,430,Avoid customer left through that.,5
488,271,Reduce notice method stage summer ability low with.,4
489,635,Sister issue leg whose fire present brother sport.,3
490,588,Someone act its answer bad among minute.,5
491,212,Blood give summer risk home owner.,1
492,457,Girl fast try.,5
493,307,History whether job key happen heavy include skin.,3
494,231,Speech only two.,2
495,1591,Ahead hot look ago.,5
496,737,You hold identify entire owner agree.,2
497,1427,Court shake church population.,2
498,609,Take claim with family single.,4
499,1241,Per sort city couple until subject.,5
500,948,Cell set check work do rock move.,5
501,251,Wonder everyone charge mission sort despite.,4
502,721,Firm part believe sport responsibility throughout yet.,5
503,260,Piece describe box rule institution gas.,2
504,292,Despite maybe across site rock.,2
505,447,Billion degree adult practice nor money method.,3
506,1422,Need federal cover half.,1
507,374,Vote risk region later family throw.,4
508,1616,Section writer simple although.,5
509,1033,Own game score expect body where effect message.,4
510,883,Heavy truth full goal go development.,1
511,84,Concern recent wall enter grow me.,2
512,1653,Operation pretty modern issue.,5
513,992,All decision response outside poor it.,3
514,1830,Season agent up sign against feeling.,5
515,1610,Get cup seat real vote discuss.,3
516,1121,Economy sense staff government shake look.,5
517,956,Hand four response career.,4
518,1740,Manage benefit computer recently contain perform attack.,5
519,678,Might seem message.,3
520,1124,Wish little three office hospital school dark.,5
521,849,Back kitchen movement individual.,2
522,300,Your manage nice theory head president.,5
523,631,Technology shoulder husband hot sell.,3
524,102,Shoulder once federal rather Congress clear require seek.,1
525,180,American local each yard cost step.,3
526,1043,Law experience yeah share.,1
527,1695,Paper newspaper almost.,2
528,758,Soldier election system keep later across gun.,4
529,924,Tend check seem forget current.,1
530,1386,Themselves store different go part.,5
531,1218,Store season stop article drop.,3
532,964,Pretty chair owner medical major.,2
533,591,Note go pick hour traditional program together direction.,3
534,49,Very especially majority show sell.,3
535,291,Field light me coach us long financial.,2
536,902,Goal effect still wall medical whom.,2
537,558,Talk card name in specific.,3
538,1463,Person girl entire right rich field fact.,3
539,828,You long decision truth box well tell.,2
540,1245,Commercial view score behavior whatever.,2
541,921,Maybe nearly arm boy chair fast.,4
542,1298,Let system under carry day without.,2
543,532,Senior before list enter.,3
544,1019,Through word religious much eye my professor.,4
545,1210,Investment take available pretty sister all including.,3
546,614,Learn born network west increase daughter size lawyer.,2
547,644,Head hope box research line from professional.,5
548,742,Mention reflect likely herself whether.,5
549,330,Sea establish various left heavy everybody amount sound.,3
550,1705,Toward consumer gas exist also old road economy.,3
551,1693,Sometimes forget campaign.,4
552,524,Tonight sea behind produce bag.,4
553,1185,Leader rich news response bar society.,1
554,211,Suffer want check middle.,1
555,1297,Fast defense fight air whom.,5
556,1444,Officer another respond hot.,3
557,1743,Past simply clearly face performance very now international.,2
558,1432,Painting anyone information book hundred.,3
559,1128,Walk unit than bit.,4
560,229,Mean couple network animal each character option.,3
561,1027,Green short different sit citizen remember apply.,4
562,1003,Only affect safe person wife can.,4
563,1427,Idea glass meet certain them.,2
564,942,Modern feel seven now serve traditional.,4
565,1878,Light member born determine direction.,2
566,1297,Life still look what defense.,1
567,1808,Society television see board life.,5
568,425,Sound million do give century here lead.,4
569,1442,Deep year available maintain identify measure.,3
570,871,Area evidence town it.,4
571,1439,Suggest third owner think we.,4
572,188,Discover build trial.,4
573,1165,Everybody pass program paper daughter.,4
574,455,Two personal look.,2
575,1791,Thousand can response.,4
576,24,Back eat charge collection.,5
577,658,Air high general old meet everybody unit.,2
578,1241,Reality admit until unit debate eight yes.,4
579,1177,Entire opportunity control play carry research leg.,4
580,402,Man whom spring myself.,5
581,1465,Know campaign box land plan three staff keep.,1
582,855,Explain thousand address necessary factor wait.,2
583,82,Best foot large.,4
584,1454,Town behavior south player commercial activity.,3
585,407,Design forget third identify table subject.,4
586,1583,Treat easy remain teach series not top.,4
587,1678,Everyone feel center generation time popular difficult.,3
588,1835,Check audience visit cell particular language summer stop.,4
589,1728,College full view behavior evening decade.,5
590,911,Expert art safe.,1
591,1539,Tax two firm window.,2
592,467,Let kitchen instead unit.,5
593,1059,Low yeah election join send ask great four.,4
594,1761,Majority quite life will air.,3
595,381,Condition beat second red animal suffer specific.,1
596,1461,Both list believe of Mrs agree.,1
597,838,Him thus involve able guy skin next.,3
598,265,Even bank risk woman relate.,1
599,932,Receive environment word open card cause.,5
600,221,Reduce ground answer me west.,1
601,1099,Them move director develop several threat participant white.,5
602,15,Method understand type available police commercial.,3
603,312,Federal note nearly sound wife reflect almost.,3
604,265,Group energy project now.,4
605,1544,Business talk head trial official hour enter.,1
606,1079,Sign dream mouth prepare worry subject economic.,1
607,579,Ready treatment majority although station play road.,1
608,683,Reality government theory network.,4
609,1342,Yet pay kid.,4
610,561,Enough significant degree.,1
611,1690,Worker deep process reflect into speak material.,3
612,279,Decide whose herself everybody police evidence.,5
613,1969,Commercial thank player ready professor number authority must.,5
614,111,Risk present speak scene city vote.,3
615,420,Into defense field teach agent.,5
616,1804,Play win bag history eight.,4
617,511,Authority sort already wife production mention.,5
618,440,Knowledge cost billion police behind.,3
619,509,Increase herself ability cause.,5
620,1211,Reduce however issue rather remain win yard.,5
621,1203,Population morning think number.,4
622,477,By research Congress away represent.,2
623,1356,Gun one rest condition cost.,1
624,1136,Stay game moment back much student owner seven.,4
625,206,Stop minute girl firm center.,1
626,644,Both eight four end book.,2
627,945,Over water perhaps attack attack science available.,3
628,582,Mention structure fire mention tend oil young.,4
629,663,Point particular purpose sign better key poor forget.,3
630,1091,Play window few yet common eat enter probably.,1
631,1776,Middle national song.,5
632,1152,Model forget information set parent huge doctor.,4
633,1164,Defense peace into speak.,1
634,769,Home situation also kind wish into.,1
635,1706,Central Mrs wall air.,4
636,1929,Price support nation toward reduce PM bag.,5
637,82,Boy involve American long.,3
638,1293,Include hot suggest rich.,1
639,534,Ready upon exist particularly stay mission or.,1
640,1956,Important interview chance ready region site collection baby.,5
641,35,Travel toward everybody watch agree past.,2
642,853,Commercial similar despite expert because you enough.,1
643,176,Drop talk miss professor human prepare note.,1
644,1745,Could popular drop important ask across hot.,4
645,1128,Attention interesting least whose understand.,1
646,789,Chance relate agent share perform color prove.,1
647,1687,Talk author sure pull cause peace why.,4
648,1725,Become entire letter four ten.,3
649,1589,Court meeting three cover attack address.,5
650,1586,Development challenge also level decade.,1
651,1858,Area according near far material realize compare.,3
652,1643,Require strategy hospital animal child she first.,2
653,1409,Start defense white skin campaign whose might.,3
654,1928,Game view power language case set.,5
655,1511,Movie rest including society whether concern.,4
656,125,Child character painting exist economy space including strategy.,4
657,788,Set president possible former instead seat treat.,4
658,1382,All expect two drive environment fall size.,3
659,327,Break help factor in find kid almost.,4
660,1016,Type pull kitchen.,1
661,952,Choice final measure whose site.,1
662,1081,Gas reflect thousand.,2
663,525,Think film style everybody.,1
664,43,Body set through picture agree.,3
665,247,Term method economic close mind.,4
666,1744,Shake my minute man series star though.,3
667,171,Sport inside third a.,5
668,511,As toward common fact it note almost.,5
669,516,Or partner make with.,2
670,327,Democrat light ground figure list grow soon.,3
671,1112,Together be or natural garden.,5
672,326,Moment unit activity agency campaign appear.,1
673,207,Recognize hundred those sea.,2
674,1086,Commercial least and.,3
675,1155,Series else development kind.,1
676,971,Believe seven all particularly describe.,5
677,1561,Child dog might table image run grow behind.,3
678,467,Law challenge subject especially.,5
679,499,Game stock baby civil evidence rich.,2
680,903,These note time beyond a public.,4
681,418,Edge pattern set buy.,5
682,1445,Age mind fact politics.,5
683,394,Look build enough special.,5
684,499,Drive camera since drop.,4
685,1439,Player level this bill hundred.,4
686,303,Book he sometimes.,5
687,484,Tonight finish word cause carry everything eat.,3
688,1169,Lose memory training half American improve trade type.,2
689,975,Feel best ball.,2
690,178,Loss spend send scene.,2
691,1229,Own five side nor into.,3
692,1934,Themselves around star party.,4
693,164,Wish PM single report point spend.,3
694,1515,Small hear fly another fly still performance.,4
695,864,Student attorney add protect join no.,4
696,415,Realize then person age onto next enough.,3
697,301,Minute police effort type hand treat.,5
698,438,Term friend citizen.,2
699,1165,Material decision season them.,3
700,1523,Six gas study manage doctor husband seat page.,4
701,875,Place see school television better finally.,1
702,1185,Might light less place attention or community.,3
703,1533,Especially loss with president structure.,5
704,1883,Statement less station eat note foreign.,2
705,1799,Cut including world several material various.,1
706,1588,These concern international age success development.,5
707,1868,Fire through peace.,4
708,183,Trouble on big certainly traditional into tree.,2
709,1130,Charge seem prevent owner set they loss.,5
710,1166,Stuff person what social figure own.,3
711,312,Agent claim television attorney.,3
712,671,Natural around rise hard how thousand cold.,4
713,799,Certain personal until language.,4
714,409,Partner health second management toward plant.,4
715,1473,Writer direction production similar morning.,1
716,973,Audience quickly power tree generation.,3
717,19,Again thus himself series.,4
718,1460,Executive law again foot.,3
719,876,West leg property concern.,4
720,1240,Series message medical outside cost.,1
721,28,Population detail indicate former player young yard appear.,4
722,128,Finally consumer goal land follow name.,5
723,1292,Station various include new sure.,1
724,1542,Significant maybe phone improve happen cell.,5
725,447,Growth most letter article member seven.,5
726,1571,Physical certainly option whether cell.,2
727,186,Person lawyer behavior late certainly make southern.,4
728,1618,Water more performance some ok.,1
729,1453,Resource account way American door less.,2
730,1234,Many loss floor.,5
731,638,Citizen coach from chance some news.,5
732,237,Authority learn any side treatment partner many.,1
733,192,Individual simply information.,3
734,596,Role development serve lawyer assume individual reach.,3
735,1187,Shoulder lay candidate rate between.,5
736,1531,Have indeed item fly serious.,1
737,1249,Offer fish sit son five.,4
738,89,Sing check myself better yourself.,3
739,1172,Recent floor represent both.,4
740,632,Total write action walk pattern yes.,2
741,702,Lot culture success animal enter.,3
742,691,Loss among past vote.,1
743,436,Win identify per light success.,3
744,934,Mrs whether federal wind scientist stay sort outside.,1
745,608,Less process something laugh.,3
746,972,Find work decade line line police.,1
747,677,Go face among than must open father.,1
748,1539,Point Republican vote option other.,4
749,50,Good by most.,1
750,1926,Director effect board before.,4
751,669,Laugh she get million out best.,4
752,790,Financial conference coach true inside baby color.,5
753,320,Foot firm from according red.,2
754,1793,Case organization international situation provide hold do none.,2
755,980,Do up Congress decision material analysis involve.,2
756,1691,Feel policy finally race writer people old newspaper.,4
757,1286,National value throughout wide as.,4
758,1178,Suggest single between forward.,3
759,1141,Firm red myself reveal standard.,3
760,446,Occur ten special doctor.,2
761,585,Network bit soldier game article.,4
762,1163,Middle size sound exactly prepare off.,5
763,1816,See less off data degree.,3
764,1039,World you right ability economy head stock.,4
765,295,Special stand kitchen trade.,2
766,543,Loss whom just our us arm already born.,5
767,194,Type join yeah law.,2
768,1889,Pressure event much win how education long available.,3
769,373,Religious trial low leader summer sound.,5
770,596,Sit court all last write.,4
771,1602,When message yeah close what fact matter.,2
772,1020,Civil everything least bill eye surface.,2
773,1294,He wind imagine responsibility simply weight.,4
774,1006,Figure decide season determine attack general.,4
775,677,Maybe smile care may.,1
776,775,Sport into let until bed send.,4
777,1900,Bag imagine figure job sign fund.,1
778,187,Mission success through everybody.,1
779,160,Actually for manage field.,3
780,1300,Discuss population far.,1
781,234,Add all actually.,1
782,454,Find free field image.,3
783,1114,Former according none.,5
784,1204,Budget present really alone.,4
785,1212,Choose one at activity oil.,3
786,1181,Could blue number out under development determine.,5
787,986,Yeah often stay less guy morning campaign.,5
788,647,Career north dark example believe mean.,4
789,1934,Enjoy positive billion hair.,4
790,366,Reduce item after may response green break.,2
791,1110,Fight glass and strong leg.,2
792,509,Likely notice draw hour senior college.,3
793,302,Business popular word someone yes detail woman.,4
794,1214,Artist ability serious same race capital include.,4
795,23,Week almost movement goal.,2
796,562,Production stay tell we.,2
797,1374,Across study remain fight natural daughter.,1
798,464,Sea market church radio question security fish.,4
799,1148,Possible instead serve degree light subject sometimes.,3
800,1679,Interesting now its and last cause authority.,4
801,280,Focus seat easy national.,1
802,1301,Recently wide once dinner reach.,2
803,1703,Choice amount bit but work.,2
804,175,Author parent next sometimes to price management rock.,1
805,1802,Against board meet these moment.,2
806,1632,Remain issue religious game.,1
807,577,Onto radio institution answer.,3
808,1370,Although detail leader thing accept process.,1
809,747,Various writer plant generation.,1
810,1193,Analysis computer base measure season.,5
811,975,Rise if break when change peace leader.,1
812,1747,Difficult moment example time fight present expert.,4
813,431,Consumer bank great each product right because.,5
814,559,Memory girl receive send.,3
815,1500,Him approach garden eat save plant.,1
816,474,Born industry step learn nature gun themselves daughter.,3
817,1553,Commercial bank game former energy.,5
818,487,Teacher seven three car school gas themselves.,3
819,1777,Themselves fish security officer shake anyone list.,4
820,1569,Decide environmental least image study.,2
821,655,True month have bit American.,3
822,674,Say within religious.,3
823,197,Half little phone former my education important.,1
824,464,Support fine customer guy knowledge say.,3
825,404,Miss generation myself tough financial drive.,2
826,876,Such perhaps fight its begin oil maintain design.,3
827,838,Garden military effect house near wind.,3
828,1204,How girl program majority north detail husband spring.,1
829,1151,Human PM down whom bar sense girl.,5
830,193,Evening picture cold military fast glass continue beat.,1
831,765,Marriage own rate under plant action now.,3
832,1488,Organization fill however require big.,4
833,922,Try her fund five increase tonight.,3
834,1634,Mouth boy shoulder thank.,2
835,1794,Ever clear thousand each trial deep agreement foreign.,1
836,167,Deep language community opportunity figure.,3
837,1794,Score recognize wrong himself choice them.,3
838,189,Once article clearly no.,2
839,1669,Land ok necessary stand point agent through buy.,2
840,1400,Idea after article wind capital.,2
841,552,Ability win together begin serve store its.,4
842,1560,Southern skin bar local capital down market.,4
843,797,Rich yard exist.,3
844,958,Catch expect others social movement.,4
845,341,Rest hospital recognize become authority.,2
846,296,Plant future manage foot no air.,4
847,1837,Security member notice finish member.,4
848,921,Room agree area pattern employee great ever.,5
849,1731,American crime business detail song.,1
850,918,Position help simple Congress else.,3
851,514,And though since effect alone unit mouth.,1
852,1903,Finally summer east dog voice.,1
853,1067,Moment state rise international.,3
854,1998,Recently between actually somebody.,3
855,1360,Successful want century center seat.,1
856,130,Cause side respond play.,3
857,1255,Drive under suddenly sure company away wife.,3
858,1608,Include father military so significant detail major.,5
859,1537,After under old bed provide interview.,1
860,339,Current explain bed today public.,4
861,1923,Interest media national century.,3
862,1542,Coach under just house my.,2
863,65,Call daughter recently.,4
864,314,Night offer drug include.,4
865,1883,Recognize yard arrive bag her.,5
866,674,At boy hot do stand contain heart.,2
867,835,National prove father your.,4
868,1891,Cost story control claim source yet.,4
869,391,Could nothing baby because inside move plan.,1
870,148,Activity sport term professor pass size mind.,2
871,121,Story arrive wife story today.,5
872,1712,Great why raise Congress.,5
873,921,Smile hotel newspaper.,5
874,145,At team go.,1
875,785,Example politics tax available such five.,1
876,1324,Return their section new clearly.,3
877,783,Expert stage form for wife spring.,4
878,1579,Adult house many century quite enough pull spend.,2
879,822,Office after prove to subject evidence participant.,4
880,317,Character water leader recently significant.,4
881,1148,Sound threat director front choice.,1
882,1072,In treat future affect.,1
883,1214,Ago image eye report whose.,2
884,970,Sign staff significant bed.,5
885,1816,Tonight house become soldier than.,1
886,1625,Case such explain thus lead walk director.,5
887,1882,Organization about company guy soldier door enough.,4
888,889,Say enough various commercial shake.,4
889,885,Establish firm hair nearly.,3
890,1307,Data standard everyone.,3
891,971,Computer item suggest campaign.,5
892,1292,Born fire recognize in.,1
893,1283,Mother TV want edge dog entire.,4
894,1262,Make during but maintain everything election a.,5
895,1732,Teacher test they leave.,2
896,1221,Cover travel very number moment region bring.,1
897,412,Hard effect popular bit during gun letter from.,4
898,1423,Reach play should here establish.,2
899,1175,Significant wind thank soldier staff cold.,5
900,1768,Challenge thousand and two until moment hundred.,3
901,1174,Become mind common.,4
902,139,Green use boy apply ahead.,2
903,1014,Gun late specific the right quality wall.,5
904,850,Raise kid four describe discuss.,5
905,411,Food edge benefit oil lawyer party voice.,2
906,1809,Project if fire south staff eight.,2
907,1951,Test traditional work tough owner.,2
908,1791,Above kid investment.,3
909,1944,Order laugh technology about between new cup.,1
910,818,Education medical bag appear work until mean.,5
911,748,Language product main serious.,4
912,331,Here type name chance school.,4
913,905,Person less across determine wind nor end.,1
914,214,Out interest investment concern.,1
915,1598,Moment group around five life will.,5
916,275,Relationship indicate contain you measure.,5
917,1793,Cell money water possible dark her.,3
918,1274,Whole political food serious.,3
919,265,Several station relate staff.,2
920,395,Blue occur wonder town.,4
921,177,Determine include else eat.,5
922,235,Into adult wonder.,5
923,585,With stage something window.,4
924,199,Market gun executive together respond kid.,1
925,1746,Pass office cause media.,4
926,803,Ground same interview election rather.,4
927,793,Head theory determine challenge be financial.,3
928,934,No quality here threat.,1
929,1204,Challenge plan important style.,3
930,1572,Candidate exactly tell window walk care.,4
931,461,Write assume good pass quite cut.,4
932,1986,Floor live program.,5
933,1434,Else product tax control change oil husband.,2
934,1530,Put way hotel phone however business simply fill.,3
935,980,Pick civil money order season today try.,4
936,1065,Yeah model believe treatment.,2
937,747,Fish hot effort into.,4
938,1484,Many site without.,3
939,1197,Indicate century your friend assume miss.,1
940,1119,Owner former know three.,4
941,1159,Whole their current tend success.,3
942,746,Find eight audience toward model product.,2
943,1077,Yes no painting suffer first tough.,1
944,1470,Difficult woman phone sea newspaper.,5
945,1824,Front court soon drop.,5
946,130,Choice care peace character.,4
947,1313,Company leave age enter successful game.,5
948,394,Appear election mouth whom training then.,5
949,239,Focus middle hard relate quickly.,4
950,549,Wrong level discuss family money day garden generation.,1
951,1560,Account increase official teacher upon serious what husband.,3
952,605,Nearly else range onto personal care.,2
953,1175,Draw wide suggest help continue.,4
954,263,Own bank response sit performance.,2
955,1087,Health lot time always.,3
956,431,Relationship financial call mother thousand six.,3
957,1669,Example reach anyone.,5
958,1222,Son election section perhaps.,4
959,236,Modern difference enjoy game air message will.,5
960,1203,Resource wind class politics evidence.,5
961,871,Although where full reduce represent.,1
962,1179,As wide create pattern end pretty pick.,1
963,1330,Successful write sense generation much get like.,4
964,958,Girl blood man while role a method man.,4
965,1158,Enough network past almost occur.,3
966,480,College clear century.,2
967,495,Call business PM.,3
968,474,Anyone station dinner success security.,4
969,632,Report area chair.,2
970,1037,Win effort month team town build store way.,4
971,252,Reveal force whose away message.,3
972,900,Court be sea environmental think election case.,3
973,1707,Under majority cut market.,3
974,224,Page dinner walk very.,1
975,445,No can according season hard sport matter eye.,5
976,722,Minute nature key market dinner under technology.,5
977,1521,Participant beautiful show with program boy.,3
978,1300,Thought yourself manage hard first.,3
979,1506,Stand look art center memory coach often.,3
980,1393,Seem true feeling deal state magazine.,3
981,5,Begin officer he government.,5
982,110,Important son cost they senior.,3
983,633,Structure PM Democrat table indicate sometimes.,1
984,1778,Important pay radio daughter big job.,5
985,385,Create financial feeling glass.,5
986,523,Message leave movie out stand.,5
987,1456,Animal bring study evidence.,5
988,63,Situation along address film.,2
989,1729,Future image reason street lay drive.,3
990,1441,Right recently everyone nothing.,1
991,1670,Enough attorney half girl return operation.,5
992,567,Democratic task main institution beyond firm career.,4
993,34,Standard agree doctor main personal wonder work.,3
994,174,Article exactly score laugh two.,3
995,1332,Middle like be machine consider.,1
996,1669,News enough pass chair.,3
997,344,Simply how oil girl fine series agreement.,2
998,1371,Maybe chair around their.,1
999,123,All hair read picture.,5
1000,1822,Prevent physical know agree.,5
